in_tm,in_serial,in_pm01_raw,in_pm25_raw,in_pm10_raw,in_temp,in_humi,in_co2,in_voc,in_noise,in_pm10,in_pm25,in_pm01,in_cici_pm10,in_cici_pm25,in_cici_co2,in_cici_voc,in_cici_temp,in_cici_humi,in_cici_noise,in_cici,in_ciai
2020-07-08 08:46,ICW0W2000655,29.0,30.0,33.0,26.4,61.0,587.0,0.0,62.0,33.0,30.0,29.0,89.0,82.0,87.0,100.0,56.0,88.0,67.0,90.0,90.0
2020-07-08 09:19,ICW0W2000655,42.0,46.0,51.0,26.5,64.0,768.0,0.0,68.0,51.0,46.0,42.0,85.0,72.0,84.0,100.0,55.0,87.0,54.0,83.0,83.0
2020-07-08 09:21,ICW0W2000655,39.0,41.0,44.0,27.6,60.0,820.0,0.0,65.0,44.0,41.0,39.0,87.0,75.0,83.0,100.0,45.0,90.0,60.0,84.0,84.0
2020-07-08 09:22,ICW0W2000655,39.0,41.0,44.0,28.3,57.0,703.0,0.0,65.0,44.0,41.0,39.0,87.0,75.0,85.0,100.0,40.0,93.0,60.0,84.0,84.0
2020-07-08 09:23,ICW0W2000655,42.0,44.0,46.0,28.8,55.0,608.0,0.0,64.0,46.0,44.0,42.0,86.0,73.0,87.0,100.0,37.0,95.0,62.0,84.0,84.0
2020-07-08 09:24,ICW0W2000655,39.0,41.0,44.0,29.3,54.0,578.0,0.0,64.0,44.0,41.0,39.0,87.0,75.0,88.0,100.0,33.0,96.0,62.0,85.0,85.0
2020-07-08 09:25,ICW0W2000655,41.0,44.0,48.0,29.6,54.0,553.0,2.0,64.0,48.0,44.0,41.0,86.0,73.0,88.0,100.0,31.0,96.0,62.0,84.0,84.0
2020-07-08 09:26,ICW0W2000655,44.0,46.0,49.0,30.0,52.0,543.0,2.0,64.0,49.0,46.0,44.0,86.0,72.0,88.0,100.0,28.0,98.0,62.0,84.0,84.0
2020-07-08 09:27,ICW0W2000655,45.0,47.0,50.0,30.3,52.0,549.0,2.0,64.0,50.0,47.0,45.0,86.0,71.0,88.0,100.0,26.0,98.0,62.0,83.0,83.0
2020-07-08 09:28,ICW0W2000655,41.0,43.0,46.0,30.7,51.0,551.0,3.0,64.0,46.0,43.0,41.0,86.0,74.0,88.0,100.0,23.0,99.0,62.0,84.0,84.0
2020-07-08 09:29,ICW0W2000655,38.0,40.0,43.0,30.8,51.0,551.0,4.0,64.0,43.0,40.0,38.0,87.0,76.0,88.0,100.0,23.0,99.0,62.0,85.0,85.0
2020-07-08 09:30,ICW0W2000655,38.0,39.0,41.0,30.9,50.0,539.0,2.0,64.0,41.0,39.0,38.0,87.0,77.0,88.0,100.0,22.0,100.0,62.0,86.0,86.0
2020-07-08 09:31,ICW0W2000655,37.0,38.0,39.0,31.1,50.0,541.0,4.0,64.0,39.0,38.0,37.0,88.0,78.0,88.0,100.0,21.0,100.0,62.0,86.0,86.0
2020-07-08 09:32,ICW0W2000655,36.0,37.0,39.0,31.2,50.0,532.0,4.0,65.0,39.0,37.0,36.0,88.0,78.0,88.0,100.0,20.0,100.0,60.0,86.0,86.0
2020-07-08 09:33,ICW0W2000655,37.0,38.0,40.0,31.4,49.0,517.0,6.0,64.0,40.0,38.0,37.0,87.0,78.0,89.0,100.0,18.0,99.0,62.0,86.0,86.0
2020-07-08 09:34,ICW0W2000655,38.0,39.0,41.0,31.7,48.0,523.0,4.0,64.0,41.0,39.0,38.0,87.0,77.0,89.0,100.0,16.0,98.0,62.0,86.0,86.0
2020-07-08 09:35,ICW0W2000655,39.0,40.0,42.0,31.9,48.0,530.0,4.0,64.0,42.0,40.0,39.0,87.0,76.0,88.0,100.0,15.0,98.0,62.0,85.0,85.0
2020-07-08 09:36,ICW0W2000655,39.0,39.0,40.0,32.0,48.0,521.0,5.0,64.0,40.0,39.0,39.0,87.0,77.0,89.0,100.0,14.0,98.0,62.0,86.0,86.0
2020-07-08 09:37,ICW0W2000655,37.0,38.0,40.0,32.1,48.0,533.0,6.0,65.0,40.0,38.0,37.0,87.0,78.0,88.0,100.0,13.0,98.0,60.0,86.0,86.0
2020-07-08 09:38,ICW0W2000655,37.0,38.0,40.0,32.29,47.0,531.0,4.0,65.0,40.0,38.0,37.0,87.0,78.0,88.0,100.0,12.0,97.0,60.0,86.0,86.0
2020-07-08 09:39,ICW0W2000655,35.0,35.0,36.0,32.29,47.0,527.0,4.0,65.0,36.0,35.0,35.0,88.0,80.0,89.0,100.0,12.0,97.0,60.0,89.0,89.0
2020-07-08 09:40,ICW0W2000655,36.0,36.0,37.0,32.4,47.0,520.0,2.0,65.0,37.0,36.0,36.0,88.0,79.0,89.0,100.0,11.0,97.0,60.0,87.0,87.0
2020-07-08 09:41,ICW0W2000655,35.0,36.0,38.0,32.4,47.0,514.0,3.0,64.0,38.0,36.0,35.0,88.0,79.0,89.0,100.0,11.0,97.0,62.0,87.0,87.0
2020-07-08 09:42,ICW0W2000655,33.0,34.0,36.0,32.6,46.0,515.0,3.0,65.0,36.0,34.0,33.0,88.0,80.0,89.0,100.0,10.0,96.0,60.0,89.0,89.0
2020-07-08 09:43,ICW0W2000655,35.0,36.0,38.0,32.7,46.0,515.0,1.0,64.0,38.0,36.0,35.0,88.0,79.0,89.0,100.0,9.0,96.0,62.0,87.0,87.0
2020-07-08 09:44,ICW0W2000655,37.0,38.0,40.0,32.7,46.0,516.0,3.0,64.0,40.0,38.0,37.0,87.0,78.0,89.0,100.0,9.0,96.0,62.0,86.0,86.0
2020-07-08 09:45,ICW0W2000655,37.0,38.0,40.0,32.7,46.0,501.0,2.0,65.0,40.0,38.0,37.0,87.0,78.0,89.0,100.0,9.0,96.0,60.0,86.0,86.0
2020-07-08 09:46,ICW0W2000655,37.0,38.0,40.0,32.7,46.0,502.0,2.0,64.0,40.0,38.0,37.0,87.0,78.0,89.0,100.0,9.0,96.0,62.0,86.0,86.0
2020-07-08 09:47,ICW0W2000655,38.0,39.0,41.0,32.7,46.0,498.0,2.0,64.0,41.0,39.0,38.0,87.0,77.0,90.0,100.0,9.0,96.0,62.0,86.0,86.0
2020-07-08 09:48,ICW0W2000655,39.0,40.0,42.0,32.7,46.0,505.0,2.0,64.0,42.0,40.0,39.0,87.0,76.0,89.0,100.0,9.0,96.0,62.0,86.0,86.0
2020-07-08 09:49,ICW0W2000655,37.0,38.0,40.0,32.6,46.0,498.0,3.0,64.0,40.0,38.0,37.0,87.0,78.0,90.0,100.0,10.0,96.0,62.0,87.0,87.0
2020-07-08 09:50,ICW0W2000655,37.0,38.0,40.0,32.7,46.0,489.0,2.0,64.0,40.0,38.0,37.0,87.0,78.0,90.0,100.0,9.0,96.0,62.0,87.0,87.0
2020-07-08 09:51,ICW0W2000655,37.0,38.0,40.0,32.79,46.0,491.0,2.0,64.0,40.0,38.0,37.0,87.0,78.0,90.0,100.0,9.0,96.0,62.0,87.0,87.0
2020-07-08 09:52,ICW0W2000655,38.0,39.0,41.0,32.79,46.0,494.0,4.0,64.0,41.0,39.0,38.0,87.0,77.0,90.0,100.0,9.0,96.0,62.0,86.0,86.0
2020-07-08 09:53,ICW0W2000655,37.0,38.0,40.0,32.79,46.0,497.0,4.0,65.0,40.0,38.0,37.0,87.0,78.0,90.0,100.0,9.0,96.0,60.0,87.0,87.0
2020-07-08 09:55,ICW0W2000655,37.0,38.0,40.0,32.9,46.0,487.0,1.0,64.0,40.0,38.0,37.0,87.0,78.0,90.0,100.0,8.0,96.0,62.0,87.0,87.0
2020-07-08 09:56,ICW0W2000655,38.0,39.0,41.0,33.0,45.0,494.0,2.0,64.0,41.0,39.0,38.0,87.0,77.0,90.0,100.0,7.0,95.0,62.0,86.0,86.0
2020-07-08 09:57,ICW0W2000655,39.0,40.0,43.0,33.1,45.0,489.0,3.0,64.0,43.0,40.0,39.0,87.0,76.0,90.0,100.0,6.0,95.0,62.0,86.0,86.0
2020-07-08 09:58,ICW0W2000655,39.0,40.0,43.0,33.4,44.0,487.0,5.0,64.0,43.0,40.0,39.0,87.0,76.0,90.0,100.0,4.0,94.0,62.0,86.0,86.0
2020-07-08 09:59,ICW0W2000655,39.0,40.0,42.0,33.5,44.0,495.0,5.0,65.0,42.0,40.0,39.0,87.0,76.0,90.0,100.0,4.0,94.0,60.0,86.0,86.0
2020-07-08 10:00,ICW0W2000655,39.0,40.0,41.0,33.5,45.0,496.0,4.0,65.0,41.0,40.0,39.0,87.0,76.0,90.0,100.0,4.0,95.0,60.0,86.0,86.0
2020-07-08 10:01,ICW0W2000655,38.0,39.0,40.0,33.5,45.0,500.0,4.0,64.0,40.0,39.0,38.0,87.0,77.0,90.0,100.0,4.0,95.0,62.0,86.0,86.0
2020-07-08 10:02,ICW0W2000655,38.0,39.0,40.0,33.5,45.0,489.0,2.0,65.0,40.0,39.0,38.0,87.0,77.0,90.0,100.0,4.0,95.0,60.0,86.0,86.0
2020-07-08 10:03,ICW0W2000655,38.0,39.0,41.0,33.6,44.0,490.0,2.0,65.0,41.0,39.0,38.0,87.0,77.0,90.0,100.0,3.0,94.0,60.0,86.0,86.0
2020-07-08 10:04,ICW0W2000655,38.0,39.0,41.0,33.7,44.0,493.0,2.0,64.0,41.0,39.0,38.0,87.0,77.0,90.0,100.0,2.0,94.0,62.0,86.0,86.0
2020-07-08 10:05,ICW0W2000655,40.0,41.0,43.0,33.7,43.0,491.0,2.0,65.0,43.0,41.0,40.0,87.0,75.0,90.0,100.0,2.0,93.0,60.0,85.0,85.0
2020-07-08 10:06,ICW0W2000655,40.0,42.0,44.0,33.6,43.0,485.0,3.0,64.0,44.0,42.0,40.0,87.0,75.0,90.0,100.0,3.0,93.0,62.0,85.0,85.0
2020-07-08 10:07,ICW0W2000655,39.0,40.0,42.0,33.7,43.0,492.0,7.0,65.0,42.0,40.0,39.0,87.0,76.0,90.0,100.0,2.0,93.0,60.0,86.0,86.0
2020-07-08 10:08,ICW0W2000655,38.0,39.0,41.0,33.9,43.0,497.0,5.0,64.0,41.0,39.0,38.0,87.0,77.0,90.0,100.0,1.0,93.0,62.0,86.0,86.0
2020-07-08 10:09,ICW0W2000655,37.0,38.0,40.0,33.9,43.0,497.0,2.0,65.0,40.0,38.0,37.0,87.0,78.0,90.0,100.0,1.0,93.0,60.0,87.0,87.0
2020-07-08 10:10,ICW0W2000655,39.0,40.0,42.0,33.9,43.0,486.0,5.0,65.0,42.0,40.0,39.0,87.0,76.0,90.0,100.0,1.0,93.0,60.0,86.0,86.0
2020-07-08 10:11,ICW0W2000655,39.0,40.0,41.0,34.0,43.0,493.0,2.0,64.0,41.0,40.0,39.0,87.0,76.0,90.0,100.0,0.0,93.0,62.0,86.0,86.0
2020-07-08 10:12,ICW0W2000655,39.0,40.0,41.0,33.9,43.0,496.0,3.0,64.0,41.0,40.0,39.0,87.0,76.0,90.0,100.0,1.0,93.0,62.0,86.0,86.0
2020-07-08 10:13,ICW0W2000655,37.0,38.0,40.0,33.9,43.0,491.0,3.0,64.0,40.0,38.0,37.0,87.0,78.0,90.0,100.0,1.0,93.0,62.0,87.0,87.0
2020-07-08 10:14,ICW0W2000655,36.0,37.0,38.0,34.1,43.0,486.0,5.0,64.0,38.0,37.0,36.0,88.0,78.0,90.0,100.0,0.0,93.0,62.0,87.0,87.0
2020-07-08 10:15,ICW0W2000655,36.0,36.0,38.0,34.0,43.0,484.0,4.0,64.0,38.0,36.0,36.0,88.0,79.0,90.0,100.0,0.0,93.0,62.0,87.0,87.0
2020-07-08 10:17,ICW0W2000655,35.0,35.0,37.0,34.2,43.0,488.0,6.0,64.0,37.0,35.0,35.0,88.0,80.0,90.0,100.0,0.0,93.0,62.0,90.0,90.0
2020-07-08 10:18,ICW0W2000655,34.0,35.0,36.0,34.7,42.0,497.0,6.0,64.0,36.0,35.0,34.0,88.0,80.0,90.0,100.0,0.0,92.0,62.0,90.0,90.0
2020-07-08 10:19,ICW0W2000655,36.0,37.0,38.0,34.7,42.0,494.0,5.0,65.0,38.0,37.0,36.0,88.0,78.0,90.0,100.0,0.0,92.0,60.0,87.0,87.0
2020-07-08 10:20,ICW0W2000655,37.0,38.0,39.0,34.6,41.0,489.0,3.0,65.0,39.0,38.0,37.0,88.0,78.0,90.0,100.0,0.0,91.0,60.0,87.0,87.0
2020-07-08 10:21,ICW0W2000655,36.0,37.0,39.0,34.9,41.0,493.0,3.0,64.0,39.0,37.0,36.0,88.0,78.0,90.0,100.0,0.0,91.0,62.0,87.0,87.0
2020-07-08 10:22,ICW0W2000655,38.0,39.0,40.0,34.79,40.0,500.0,1.0,64.0,40.0,39.0,38.0,87.0,77.0,90.0,100.0,0.0,90.0,62.0,86.0,86.0
2020-07-08 10:23,ICW0W2000655,36.0,37.0,39.0,34.5,39.0,512.0,1.0,64.0,39.0,37.0,36.0,88.0,78.0,89.0,100.0,0.0,87.0,62.0,84.0,87.0
2020-07-08 10:24,ICW0W2000655,36.0,37.0,39.0,34.5,39.0,518.0,2.0,64.0,39.0,37.0,36.0,88.0,78.0,89.0,100.0,0.0,87.0,62.0,84.0,87.0
2020-07-08 10:25,ICW0W2000655,38.0,39.0,40.0,34.7,40.0,515.0,4.0,63.0,40.0,39.0,38.0,87.0,77.0,89.0,100.0,0.0,90.0,65.0,86.0,86.0
2020-07-08 10:26,ICW0W2000655,40.0,41.0,43.0,34.79,40.0,493.0,3.0,63.0,43.0,41.0,40.0,87.0,75.0,90.0,100.0,0.0,90.0,65.0,85.0,85.0
2020-07-08 10:27,ICW0W2000655,40.0,41.0,43.0,34.9,41.0,496.0,2.0,64.0,43.0,41.0,40.0,87.0,75.0,90.0,100.0,0.0,91.0,62.0,85.0,85.0
2020-07-08 10:28,ICW0W2000655,39.0,40.0,41.0,34.79,41.0,489.0,3.0,64.0,41.0,40.0,39.0,87.0,76.0,90.0,100.0,0.0,91.0,62.0,86.0,86.0
2020-07-08 10:29,ICW0W2000655,39.0,40.0,41.0,34.9,40.0,486.0,2.0,63.0,41.0,40.0,39.0,87.0,76.0,90.0,100.0,0.0,90.0,65.0,86.0,86.0
2020-07-08 10:30,ICW0W2000655,40.0,41.0,42.0,35.2,41.0,487.0,1.0,64.0,42.0,41.0,40.0,87.0,75.0,90.0,100.0,0.0,91.0,62.0,85.0,85.0
2020-07-08 10:31,ICW0W2000655,40.0,40.0,41.0,34.9,41.0,484.0,3.0,63.0,41.0,40.0,40.0,87.0,76.0,90.0,100.0,0.0,91.0,65.0,86.0,86.0
2020-07-08 10:32,ICW0W2000655,38.0,39.0,41.0,34.79,40.0,486.0,4.0,64.0,41.0,39.0,38.0,87.0,77.0,90.0,100.0,0.0,90.0,62.0,86.0,86.0
2020-07-08 10:33,ICW0W2000655,40.0,41.0,43.0,35.1,41.0,486.0,3.0,63.0,43.0,41.0,40.0,87.0,75.0,90.0,100.0,0.0,91.0,65.0,85.0,85.0
2020-07-08 10:34,ICW0W2000655,43.0,44.0,46.0,35.2,41.0,481.0,1.0,64.0,46.0,44.0,43.0,86.0,73.0,90.0,100.0,0.0,91.0,62.0,84.0,84.0
2020-07-08 10:35,ICW0W2000655,43.0,44.0,46.0,34.7,41.0,483.0,9.0,64.0,46.0,44.0,43.0,86.0,73.0,90.0,100.0,0.0,91.0,62.0,84.0,84.0
2020-07-08 10:36,ICW0W2000655,41.0,42.0,45.0,34.6,42.0,479.0,11.0,64.0,45.0,42.0,41.0,86.0,75.0,90.0,99.0,0.0,92.0,62.0,85.0,85.0
2020-07-08 10:38,ICW0W2000655,38.0,40.0,44.0,34.4,42.0,477.0,15.0,65.0,44.0,40.0,38.0,87.0,76.0,90.0,99.0,0.0,92.0,60.0,86.0,86.0
2020-07-08 10:39,ICW0W2000655,37.0,39.0,42.0,34.29,42.0,483.0,24.0,65.0,42.0,39.0,37.0,87.0,77.0,90.0,99.0,0.0,92.0,60.0,86.0,86.0
2020-07-08 10:40,ICW0W2000655,36.0,38.0,40.0,34.2,42.0,486.0,25.0,64.0,40.0,38.0,36.0,87.0,78.0,90.0,99.0,0.0,92.0,62.0,86.0,86.0
2020-07-08 10:41,ICW0W2000655,37.0,37.0,38.0,34.2,42.0,484.0,15.0,64.0,38.0,37.0,37.0,88.0,78.0,90.0,99.0,0.0,92.0,62.0,87.0,87.0
2020-07-08 10:42,ICW0W2000655,39.0,39.0,40.0,34.1,42.0,487.0,10.0,64.0,40.0,39.0,39.0,87.0,77.0,90.0,100.0,0.0,92.0,62.0,86.0,86.0
2020-07-08 10:43,ICW0W2000655,37.0,38.0,40.0,34.5,42.0,487.0,14.0,64.0,40.0,38.0,37.0,87.0,78.0,90.0,99.0,0.0,92.0,62.0,86.0,86.0
2020-07-08 10:44,ICW0W2000655,36.0,37.0,39.0,34.79,41.0,493.0,25.0,65.0,39.0,37.0,36.0,88.0,78.0,90.0,99.0,0.0,91.0,60.0,87.0,87.0
2020-07-08 10:45,ICW0W2000655,37.0,38.0,40.0,35.0,41.0,497.0,15.0,64.0,40.0,38.0,37.0,87.0,78.0,90.0,99.0,0.0,91.0,62.0,86.0,86.0
2020-07-08 10:46,ICW0W2000655,37.0,38.0,40.0,35.0,41.0,498.0,15.0,63.0,40.0,38.0,37.0,87.0,78.0,90.0,99.0,0.0,91.0,65.0,86.0,86.0
2020-07-08 10:47,ICW0W2000655,37.0,38.0,40.0,35.1,41.0,493.0,16.0,65.0,40.0,38.0,37.0,87.0,78.0,90.0,99.0,0.0,91.0,60.0,86.0,86.0
2020-07-08 10:48,ICW0W2000655,39.0,40.0,42.0,35.1,41.0,485.0,9.0,65.0,42.0,40.0,39.0,87.0,76.0,90.0,100.0,0.0,91.0,60.0,86.0,86.0
2020-07-08 10:49,ICW0W2000655,39.0,40.0,42.0,35.29,41.0,484.0,9.0,63.0,42.0,40.0,39.0,87.0,76.0,90.0,100.0,0.0,91.0,65.0,86.0,86.0
2020-07-08 10:50,ICW0W2000655,37.0,38.0,40.0,35.5,40.0,483.0,10.0,63.0,40.0,38.0,37.0,87.0,78.0,90.0,100.0,0.0,90.0,65.0,87.0,87.0
2020-07-08 10:51,ICW0W2000655,39.0,40.0,41.0,35.6,40.0,480.0,11.0,64.0,41.0,40.0,39.0,87.0,76.0,90.0,99.0,0.0,90.0,62.0,86.0,86.0
2020-07-08 10:52,ICW0W2000655,39.0,40.0,41.0,35.6,40.0,484.0,8.0,64.0,41.0,40.0,39.0,87.0,76.0,90.0,100.0,0.0,90.0,62.0,86.0,86.0
2020-07-08 10:53,ICW0W2000655,39.0,40.0,42.0,35.6,40.0,485.0,5.0,64.0,42.0,40.0,39.0,87.0,76.0,90.0,100.0,0.0,90.0,62.0,86.0,86.0
2020-07-08 10:54,ICW0W2000655,40.0,41.0,43.0,35.79,39.0,482.0,5.0,64.0,43.0,41.0,40.0,87.0,75.0,90.0,100.0,0.0,87.0,62.0,82.0,85.0
2020-07-08 10:55,ICW0W2000655,37.0,38.0,40.0,35.9,40.0,488.0,9.0,64.0,40.0,38.0,37.0,87.0,78.0,90.0,100.0,0.0,90.0,62.0,87.0,87.0
2020-07-08 10:56,ICW0W2000655,37.0,38.0,40.0,35.9,40.0,482.0,13.0,63.0,40.0,38.0,37.0,87.0,78.0,90.0,99.0,0.0,90.0,65.0,86.0,86.0
2020-07-08 10:57,ICW0W2000655,38.0,39.0,41.0,36.1,40.0,480.0,17.0,64.0,41.0,39.0,38.0,87.0,77.0,90.0,99.0,0.0,90.0,62.0,86.0,86.0
2020-07-08 10:59,ICW0W2000655,39.0,40.0,42.0,36.1,39.0,487.0,15.0,64.0,42.0,40.0,39.0,87.0,76.0,90.0,99.0,0.0,87.0,62.0,83.0,86.0
2020-07-08 11:00,ICW0W2000655,39.0,39.0,40.0,36.0,40.0,487.0,15.0,64.0,40.0,39.0,39.0,87.0,77.0,90.0,99.0,0.0,90.0,62.0,86.0,86.0
2020-07-08 11:01,ICW0W2000655,37.0,38.0,40.0,36.2,39.0,484.0,15.0,64.0,40.0,38.0,37.0,87.0,78.0,90.0,99.0,0.0,87.0,62.0,83.0,86.0
2020-07-08 11:02,ICW0W2000655,38.0,39.0,41.0,36.29,39.0,480.0,19.0,64.0,41.0,39.0,38.0,87.0,77.0,90.0,99.0,0.0,87.0,62.0,83.0,86.0
2020-07-08 11:03,ICW0W2000655,38.0,39.0,41.0,36.4,39.0,476.0,17.0,64.0,41.0,39.0,38.0,87.0,77.0,90.0,99.0,0.0,87.0,62.0,83.0,86.0
2020-07-08 11:04,ICW0W2000655,38.0,39.0,40.0,36.4,39.0,475.0,25.0,63.0,40.0,39.0,38.0,87.0,77.0,91.0,99.0,0.0,87.0,65.0,83.0,86.0
2020-07-08 11:05,ICW0W2000655,39.0,40.0,42.0,36.4,39.0,478.0,21.0,63.0,42.0,40.0,39.0,87.0,76.0,90.0,99.0,0.0,87.0,65.0,83.0,86.0
2020-07-08 11:06,ICW0W2000655,38.0,39.0,40.0,36.2,39.0,483.0,21.0,64.0,40.0,39.0,38.0,87.0,77.0,90.0,99.0,0.0,87.0,62.0,83.0,86.0
2020-07-08 11:07,ICW0W2000655,36.0,36.0,37.0,36.2,39.0,486.0,17.0,64.0,37.0,36.0,36.0,88.0,79.0,90.0,99.0,0.0,87.0,62.0,84.0,87.0
2020-07-08 11:08,ICW0W2000655,37.0,38.0,39.0,36.29,39.0,477.0,19.0,64.0,39.0,38.0,37.0,88.0,78.0,90.0,99.0,0.0,87.0,62.0,84.0,87.0
2020-07-08 11:09,ICW0W2000655,36.0,37.0,38.0,36.4,39.0,480.0,31.0,64.0,38.0,37.0,36.0,88.0,78.0,90.0,98.0,0.0,87.0,62.0,83.0,86.0
2020-07-08 11:10,ICW0W2000655,33.0,34.0,35.0,36.4,39.0,482.0,25.0,64.0,35.0,34.0,33.0,88.0,80.0,90.0,99.0,0.0,87.0,62.0,86.0,89.0
2020-07-08 11:11,ICW0W2000655,34.0,34.0,35.0,36.5,39.0,480.0,18.0,64.0,35.0,34.0,34.0,88.0,80.0,90.0,99.0,0.0,87.0,62.0,86.0,89.0
2020-07-08 11:12,ICW0W2000655,36.0,36.0,37.0,36.5,38.0,489.0,22.0,65.0,37.0,36.0,36.0,88.0,79.0,90.0,99.0,0.0,86.0,60.0,84.0,87.0
2020-07-08 11:13,ICW0W2000655,35.0,36.0,37.0,36.5,38.0,488.0,17.0,64.0,37.0,36.0,35.0,88.0,79.0,90.0,99.0,0.0,86.0,62.0,84.0,87.0
2020-07-08 11:14,ICW0W2000655,35.0,35.0,36.0,36.7,38.0,492.0,17.0,65.0,36.0,35.0,35.0,88.0,80.0,90.0,99.0,0.0,86.0,60.0,86.0,89.0
2020-07-08 11:15,ICW0W2000655,36.0,36.0,38.0,37.0,38.0,483.0,14.0,63.0,38.0,36.0,36.0,88.0,79.0,90.0,99.0,0.0,86.0,65.0,84.0,87.0
2020-07-08 11:16,ICW0W2000655,38.0,38.0,39.0,37.1,37.0,487.0,11.0,63.0,39.0,38.0,38.0,88.0,78.0,90.0,99.0,0.0,84.0,65.0,84.0,87.0
2020-07-08 11:17,ICW0W2000655,37.0,37.0,38.0,37.1,37.0,486.0,10.0,64.0,38.0,37.0,37.0,88.0,78.0,90.0,100.0,0.0,84.0,62.0,84.0,87.0
2020-07-08 11:18,ICW0W2000655,35.0,35.0,36.0,37.2,37.0,482.0,20.0,63.0,36.0,35.0,35.0,88.0,80.0,90.0,99.0,0.0,84.0,65.0,86.0,89.0
2020-07-08 11:19,ICW0W2000655,35.0,35.0,36.0,37.4,37.0,484.0,18.0,65.0,36.0,35.0,35.0,88.0,80.0,90.0,99.0,0.0,84.0,60.0,86.0,89.0
2020-07-08 11:20,ICW0W2000655,36.0,37.0,39.0,37.4,37.0,488.0,13.0,64.0,39.0,37.0,36.0,88.0,78.0,90.0,99.0,0.0,84.0,62.0,84.0,87.0
2020-07-08 11:21,ICW0W2000655,37.0,38.0,40.0,37.4,37.0,485.0,15.0,65.0,40.0,38.0,37.0,87.0,78.0,90.0,99.0,0.0,84.0,60.0,83.0,86.0
2020-07-08 11:22,ICW0W2000655,38.0,39.0,40.0,37.2,38.0,485.0,20.0,64.0,40.0,39.0,38.0,87.0,77.0,90.0,99.0,0.0,86.0,62.0,83.0,86.0
2020-07-08 11:23,ICW0W2000655,38.0,39.0,40.0,37.1,38.0,487.0,31.0,64.0,40.0,39.0,38.0,87.0,77.0,90.0,98.0,0.0,86.0,62.0,83.0,86.0
2020-07-08 11:24,ICW0W2000655,39.0,40.0,42.0,37.1,38.0,483.0,26.0,63.0,42.0,40.0,39.0,87.0,76.0,90.0,99.0,0.0,86.0,65.0,83.0,86.0
2020-07-08 11:26,ICW0W2000655,39.0,40.0,41.0,37.0,38.0,484.0,24.0,63.0,41.0,40.0,39.0,87.0,76.0,90.0,99.0,0.0,86.0,65.0,83.0,86.0
2020-07-08 11:27,ICW0W2000655,38.0,39.0,40.0,37.2,38.0,482.0,25.0,68.0,40.0,39.0,38.0,87.0,77.0,90.0,99.0,0.0,86.0,54.0,83.0,86.0
2020-07-08 11:28,ICW0W2000655,39.0,40.0,42.0,37.2,37.0,482.0,22.0,64.0,42.0,40.0,39.0,87.0,76.0,90.0,99.0,0.0,84.0,62.0,83.0,86.0
2020-07-08 11:29,ICW0W2000655,41.0,42.0,44.0,37.0,38.0,487.0,21.0,64.0,44.0,42.0,41.0,87.0,75.0,90.0,99.0,0.0,86.0,62.0,82.0,85.0
2020-07-08 11:30,ICW0W2000655,38.0,39.0,41.0,37.1,38.0,485.0,22.0,64.0,41.0,39.0,38.0,87.0,77.0,90.0,99.0,0.0,86.0,62.0,83.0,86.0
2020-07-08 11:31,ICW0W2000655,38.0,38.0,40.0,37.5,37.0,495.0,21.0,63.0,40.0,38.0,38.0,87.0,78.0,90.0,99.0,0.0,84.0,65.0,83.0,86.0
2020-07-08 11:32,ICW0W2000655,40.0,40.0,41.0,37.5,37.0,492.0,20.0,64.0,41.0,40.0,40.0,87.0,76.0,90.0,99.0,0.0,84.0,62.0,83.0,86.0
2020-07-08 11:33,ICW0W2000655,40.0,40.0,42.0,37.5,37.0,485.0,16.0,63.0,42.0,40.0,40.0,87.0,76.0,90.0,99.0,0.0,84.0,65.0,83.0,86.0
2020-07-08 11:34,ICW0W2000655,38.0,39.0,40.0,37.29,37.0,492.0,15.0,63.0,40.0,39.0,38.0,87.0,77.0,90.0,99.0,0.0,84.0,65.0,83.0,86.0
2020-07-08 11:35,ICW0W2000655,37.0,38.0,40.0,37.29,37.0,495.0,22.0,64.0,40.0,38.0,37.0,87.0,78.0,90.0,99.0,0.0,84.0,62.0,83.0,86.0
2020-07-08 11:36,ICW0W2000655,38.0,39.0,41.0,37.2,37.0,496.0,20.0,64.0,41.0,39.0,38.0,87.0,77.0,90.0,99.0,0.0,84.0,62.0,83.0,86.0
2020-07-08 11:37,ICW0W2000655,41.0,42.0,44.0,37.1,37.0,492.0,17.0,64.0,44.0,42.0,41.0,87.0,75.0,90.0,99.0,0.0,84.0,62.0,82.0,85.0
2020-07-08 11:38,ICW0W2000655,42.0,43.0,45.0,37.1,37.0,489.0,15.0,64.0,45.0,43.0,42.0,86.0,74.0,90.0,99.0,0.0,84.0,62.0,82.0,85.0
2020-07-08 11:39,ICW0W2000655,42.0,43.0,44.0,36.9,38.0,483.0,17.0,64.0,44.0,43.0,42.0,87.0,74.0,90.0,99.0,0.0,86.0,62.0,82.0,85.0
2020-07-08 11:40,ICW0W2000655,43.0,44.0,46.0,37.1,38.0,485.0,18.0,64.0,46.0,44.0,43.0,86.0,73.0,90.0,99.0,0.0,86.0,62.0,81.0,84.0
2020-07-08 11:41,ICW0W2000655,44.0,45.0,47.0,37.0,38.0,483.0,16.0,64.0,47.0,45.0,44.0,86.0,72.0,90.0,99.0,0.0,86.0,62.0,81.0,84.0
2020-07-08 11:42,ICW0W2000655,46.0,47.0,49.0,37.2,37.0,476.0,8.0,65.0,49.0,47.0,46.0,86.0,71.0,90.0,100.0,0.0,84.0,60.0,81.0,84.0
2020-07-08 11:43,ICW0W2000655,47.0,48.0,50.0,37.1,38.0,483.0,7.0,64.0,50.0,48.0,47.0,86.0,70.0,90.0,100.0,0.0,86.0,62.0,80.0,83.0
2020-07-08 11:44,ICW0W2000655,44.0,45.0,47.0,37.0,38.0,475.0,9.0,63.0,47.0,45.0,44.0,86.0,72.0,91.0,100.0,0.0,86.0,65.0,81.0,84.0
2020-07-08 11:45,ICW0W2000655,42.0,44.0,47.0,37.2,37.0,476.0,9.0,63.0,47.0,44.0,42.0,86.0,73.0,90.0,100.0,0.0,84.0,65.0,81.0,84.0
2020-07-08 11:46,ICW0W2000655,41.0,43.0,45.0,37.2,37.0,478.0,9.0,64.0,45.0,43.0,41.0,86.0,74.0,90.0,100.0,0.0,84.0,62.0,82.0,85.0
2020-07-08 11:47,ICW0W2000655,40.0,41.0,43.0,37.2,37.0,480.0,13.0,64.0,43.0,41.0,40.0,87.0,75.0,90.0,99.0,0.0,84.0,62.0,82.0,85.0
2020-07-08 11:48,ICW0W2000655,42.0,43.0,45.0,37.1,37.0,488.0,16.0,64.0,45.0,43.0,42.0,86.0,74.0,90.0,99.0,0.0,84.0,62.0,82.0,85.0
2020-07-08 11:49,ICW0W2000655,44.0,45.0,47.0,36.9,38.0,488.0,9.0,64.0,47.0,45.0,44.0,86.0,72.0,90.0,100.0,0.0,86.0,62.0,81.0,84.0
2020-07-08 11:50,ICW0W2000655,44.0,45.0,47.0,36.79,38.0,484.0,3.0,65.0,47.0,45.0,44.0,86.0,72.0,90.0,100.0,0.0,86.0,60.0,81.0,84.0
2020-07-08 11:51,ICW0W2000655,44.0,45.0,47.0,36.7,37.0,483.0,3.0,64.0,47.0,45.0,44.0,86.0,72.0,90.0,100.0,0.0,84.0,62.0,81.0,84.0
2020-07-08 11:52,ICW0W2000655,43.0,44.0,45.0,36.7,37.0,472.0,1.0,64.0,45.0,44.0,43.0,86.0,73.0,91.0,100.0,0.0,84.0,62.0,82.0,85.0
2020-07-08 11:53,ICW0W2000655,42.0,43.0,45.0,37.0,36.0,477.0,3.0,64.0,45.0,43.0,42.0,86.0,74.0,90.0,100.0,0.0,82.0,62.0,82.0,85.0
2020-07-08 11:54,ICW0W2000655,43.0,44.0,47.0,36.79,37.0,481.0,6.0,64.0,47.0,44.0,43.0,86.0,73.0,90.0,100.0,0.0,84.0,62.0,81.0,84.0
2020-07-08 11:55,ICW0W2000655,45.0,46.0,48.0,36.7,37.0,475.0,7.0,64.0,48.0,46.0,45.0,86.0,72.0,91.0,100.0,0.0,84.0,62.0,81.0,84.0
2020-07-08 11:56,ICW0W2000655,43.0,44.0,46.0,37.1,36.0,479.0,8.0,64.0,46.0,44.0,43.0,86.0,73.0,90.0,100.0,0.0,82.0,62.0,81.0,84.0
2020-07-08 11:57,ICW0W2000655,39.0,40.0,42.0,36.9,37.0,496.0,8.0,64.0,42.0,40.0,39.0,87.0,76.0,90.0,100.0,0.0,84.0,62.0,83.0,86.0
2020-07-08 11:58,ICW0W2000655,40.0,41.0,43.0,36.79,37.0,486.0,8.0,64.0,43.0,41.0,40.0,87.0,75.0,90.0,100.0,0.0,84.0,62.0,82.0,85.0
2020-07-08 11:59,ICW0W2000655,42.0,43.0,45.0,36.7,37.0,484.0,8.0,64.0,45.0,43.0,42.0,86.0,74.0,90.0,100.0,0.0,84.0,62.0,82.0,85.0
2020-07-08 12:00,ICW0W2000655,45.0,46.0,48.0,36.79,37.0,483.0,14.0,64.0,48.0,46.0,45.0,86.0,72.0,90.0,99.0,0.0,84.0,62.0,81.0,84.0
2020-07-08 12:02,ICW0W2000655,42.0,43.0,44.0,36.9,37.0,482.0,19.0,64.0,44.0,43.0,42.0,87.0,74.0,90.0,99.0,0.0,84.0,62.0,82.0,85.0
2020-07-08 12:03,ICW0W2000655,43.0,44.0,45.0,36.9,37.0,480.0,20.0,65.0,45.0,44.0,43.0,86.0,73.0,90.0,99.0,0.0,84.0,60.0,81.0,84.0
2020-07-08 12:04,ICW0W2000655,37.0,38.0,39.0,37.0,37.0,488.0,20.0,64.0,39.0,38.0,37.0,88.0,78.0,90.0,99.0,0.0,84.0,62.0,84.0,87.0
2020-07-08 12:05,ICW0W2000655,39.0,40.0,42.0,37.0,37.0,483.0,24.0,64.0,42.0,40.0,39.0,87.0,76.0,90.0,99.0,0.0,84.0,62.0,83.0,86.0
2020-07-08 12:06,ICW0W2000655,44.0,46.0,48.0,37.1,37.0,481.0,23.0,63.0,48.0,46.0,44.0,86.0,72.0,90.0,99.0,0.0,84.0,65.0,81.0,84.0
2020-07-08 12:07,ICW0W2000655,45.0,47.0,49.0,37.1,37.0,481.0,26.0,64.0,49.0,47.0,45.0,86.0,71.0,90.0,99.0,0.0,84.0,62.0,80.0,83.0
2020-07-08 12:08,ICW0W2000655,49.0,50.0,51.0,36.9,38.0,485.0,30.0,64.0,51.0,50.0,49.0,85.0,69.0,90.0,99.0,0.0,86.0,62.0,79.0,82.0
2020-07-08 12:09,ICW0W2000655,50.0,51.0,53.0,37.1,37.0,483.0,28.0,64.0,53.0,51.0,50.0,85.0,68.0,90.0,99.0,0.0,84.0,62.0,79.0,82.0
2020-07-08 12:10,ICW0W2000655,49.0,50.0,52.0,37.0,38.0,484.0,29.0,64.0,52.0,50.0,49.0,85.0,69.0,90.0,99.0,0.0,86.0,62.0,79.0,82.0
2020-07-08 12:11,ICW0W2000655,48.0,49.0,51.0,37.0,38.0,483.0,29.0,64.0,51.0,49.0,48.0,85.0,69.0,90.0,99.0,0.0,86.0,62.0,79.0,82.0
2020-07-08 12:12,ICW0W2000655,48.0,49.0,50.0,37.29,37.0,482.0,30.0,64.0,50.0,49.0,48.0,86.0,69.0,90.0,99.0,0.0,84.0,62.0,80.0,83.0
2020-07-08 12:13,ICW0W2000655,46.0,47.0,49.0,37.2,37.0,485.0,29.0,64.0,49.0,47.0,46.0,86.0,71.0,90.0,99.0,0.0,84.0,62.0,80.0,83.0
2020-07-08 12:14,ICW0W2000655,46.0,47.0,49.0,37.1,38.0,477.0,32.0,64.0,49.0,47.0,46.0,86.0,71.0,90.0,98.0,0.0,86.0,62.0,80.0,83.0
2020-07-08 12:15,ICW0W2000655,45.0,46.0,48.0,37.1,37.0,483.0,28.0,65.0,48.0,46.0,45.0,86.0,72.0,90.0,99.0,0.0,84.0,60.0,81.0,84.0
2020-07-08 12:17,ICW0W2000655,51.0,51.0,53.0,37.4,37.0,496.0,45.0,64.0,53.0,51.0,51.0,85.0,68.0,90.0,98.0,0.0,84.0,62.0,79.0,82.0
2020-07-08 12:18,ICW0W2000655,50.0,51.0,53.0,37.29,38.0,504.0,40.0,64.0,53.0,51.0,50.0,85.0,68.0,89.0,98.0,0.0,86.0,62.0,79.0,82.0
2020-07-08 12:19,ICW0W2000655,50.0,51.0,53.0,37.4,37.0,492.0,35.0,64.0,53.0,51.0,50.0,85.0,68.0,90.0,98.0,0.0,84.0,62.0,79.0,82.0
2020-07-08 12:21,ICW0W2000655,47.0,48.0,49.0,37.6,37.0,486.0,30.0,64.0,49.0,48.0,47.0,86.0,70.0,90.0,99.0,0.0,84.0,62.0,80.0,83.0
2020-07-08 12:22,ICW0W2000655,50.0,51.0,52.0,37.29,37.0,490.0,31.0,64.0,52.0,51.0,50.0,85.0,68.0,90.0,98.0,0.0,84.0,62.0,79.0,82.0
2020-07-08 12:23,ICW0W2000655,51.0,52.0,54.0,37.4,38.0,486.0,34.0,64.0,54.0,52.0,51.0,85.0,67.0,90.0,98.0,0.0,86.0,62.0,78.0,81.0
2020-07-08 12:24,ICW0W2000655,49.0,50.0,52.0,37.4,38.0,483.0,33.0,64.0,52.0,50.0,49.0,85.0,69.0,90.0,98.0,0.0,86.0,62.0,79.0,82.0
2020-07-08 12:25,ICW0W2000655,50.0,51.0,52.0,37.5,37.0,481.0,32.0,65.0,52.0,51.0,50.0,85.0,68.0,90.0,98.0,0.0,84.0,60.0,79.0,82.0
2020-07-08 12:26,ICW0W2000655,53.0,54.0,55.0,37.5,37.0,484.0,27.0,64.0,55.0,54.0,53.0,85.0,66.0,90.0,99.0,0.0,84.0,62.0,78.0,81.0
2020-07-08 12:27,ICW0W2000655,53.0,54.0,56.0,37.5,37.0,487.0,28.0,64.0,56.0,54.0,53.0,84.0,66.0,90.0,99.0,0.0,84.0,62.0,78.0,81.0
2020-07-08 12:28,ICW0W2000655,52.0,53.0,55.0,37.7,37.0,482.0,26.0,64.0,55.0,53.0,52.0,85.0,66.0,90.0,99.0,0.0,84.0,62.0,78.0,81.0
2020-07-08 12:29,ICW0W2000655,51.0,52.0,54.0,37.9,37.0,484.0,21.0,64.0,54.0,52.0,51.0,85.0,67.0,90.0,99.0,0.0,84.0,62.0,79.0,82.0
2020-07-08 12:30,ICW0W2000655,53.0,54.0,56.0,37.9,37.0,482.0,23.0,64.0,56.0,54.0,53.0,84.0,66.0,90.0,99.0,0.0,84.0,62.0,78.0,81.0
2020-07-08 12:31,ICW0W2000655,50.0,52.0,54.0,37.7,37.0,490.0,32.0,63.0,54.0,52.0,50.0,85.0,67.0,90.0,98.0,0.0,84.0,65.0,78.0,81.0
2020-07-08 12:32,ICW0W2000655,47.0,48.0,50.0,37.6,37.0,487.0,27.0,65.0,50.0,48.0,47.0,86.0,70.0,90.0,99.0,0.0,84.0,60.0,80.0,83.0
2020-07-08 12:33,ICW0W2000655,50.0,51.0,53.0,37.29,38.0,491.0,32.0,64.0,53.0,51.0,50.0,85.0,68.0,90.0,98.0,0.0,86.0,62.0,79.0,82.0
2020-07-08 12:34,ICW0W2000655,52.0,53.0,55.0,37.2,38.0,486.0,27.0,64.0,55.0,53.0,52.0,85.0,66.0,90.0,99.0,0.0,86.0,62.0,78.0,81.0
2020-07-08 12:35,ICW0W2000655,54.0,55.0,58.0,37.2,38.0,487.0,22.0,63.0,58.0,55.0,54.0,84.0,65.0,90.0,99.0,0.0,86.0,65.0,78.0,81.0
2020-07-08 12:36,ICW0W2000655,53.0,55.0,57.0,37.2,38.0,482.0,19.0,65.0,57.0,55.0,53.0,84.0,65.0,90.0,99.0,0.0,86.0,60.0,78.0,81.0
2020-07-08 12:37,ICW0W2000655,52.0,53.0,55.0,37.2,38.0,481.0,23.0,64.0,55.0,53.0,52.0,85.0,66.0,90.0,99.0,0.0,86.0,62.0,78.0,81.0
2020-07-08 12:39,ICW0W2000655,50.0,51.0,53.0,37.29,38.0,485.0,26.0,64.0,53.0,51.0,50.0,85.0,68.0,90.0,99.0,0.0,86.0,62.0,79.0,82.0
2020-07-08 12:40,ICW0W2000655,48.0,49.0,50.0,37.4,37.0,477.0,25.0,65.0,50.0,49.0,48.0,86.0,69.0,90.0,99.0,0.0,84.0,60.0,80.0,83.0
2020-07-08 12:41,ICW0W2000655,41.0,41.0,43.0,37.4,37.0,487.0,22.0,64.0,43.0,41.0,41.0,87.0,75.0,90.0,99.0,0.0,84.0,62.0,82.0,85.0
2020-07-08 12:42,ICW0W2000655,46.0,46.0,46.0,37.4,37.0,482.0,24.0,65.0,46.0,46.0,46.0,86.0,72.0,90.0,99.0,0.0,84.0,60.0,81.0,84.0
2020-07-08 12:43,ICW0W2000655,48.0,49.0,50.0,37.5,38.0,486.0,25.0,64.0,50.0,49.0,48.0,86.0,69.0,90.0,99.0,0.0,86.0,62.0,80.0,83.0
2020-07-08 12:44,ICW0W2000655,52.0,52.0,54.0,37.2,38.0,479.0,23.0,64.0,54.0,52.0,52.0,85.0,67.0,90.0,99.0,0.0,86.0,62.0,79.0,82.0
2020-07-08 12:45,ICW0W2000655,54.0,55.0,57.0,37.1,38.0,479.0,19.0,64.0,57.0,55.0,54.0,84.0,65.0,90.0,99.0,0.0,86.0,62.0,78.0,81.0
2020-07-08 12:47,ICW0W2000655,56.0,56.0,57.0,37.2,38.0,469.0,13.0,63.0,57.0,56.0,56.0,84.0,64.0,91.0,99.0,0.0,86.0,65.0,77.0,80.0
2020-07-08 12:48,ICW0W2000655,55.0,56.0,59.0,37.2,38.0,469.0,11.0,63.0,59.0,56.0,55.0,84.0,64.0,91.0,99.0,0.0,86.0,65.0,77.0,80.0
2020-07-08 12:49,ICW0W2000655,55.0,57.0,60.0,37.0,38.0,472.0,8.0,63.0,60.0,57.0,55.0,84.0,63.0,91.0,100.0,0.0,86.0,65.0,77.0,80.0
2020-07-08 12:50,ICW0W2000655,57.0,58.0,60.0,36.79,38.0,471.0,2.0,64.0,60.0,58.0,57.0,84.0,63.0,91.0,100.0,0.0,86.0,62.0,77.0,80.0
2020-07-08 12:51,ICW0W2000655,56.0,57.0,60.0,36.7,38.0,469.0,1.0,63.0,60.0,57.0,56.0,84.0,63.0,91.0,100.0,0.0,86.0,65.0,77.0,80.0
2020-07-08 12:52,ICW0W2000655,54.0,55.0,58.0,36.79,38.0,474.0,0.0,64.0,58.0,55.0,54.0,84.0,65.0,91.0,100.0,0.0,86.0,62.0,78.0,81.0
2020-07-08 12:53,ICW0W2000655,55.0,55.0,57.0,36.7,38.0,469.0,0.0,63.0,57.0,55.0,55.0,84.0,65.0,91.0,100.0,0.0,86.0,65.0,78.0,81.0
2020-07-08 12:54,ICW0W2000655,56.0,57.0,58.0,36.79,38.0,467.0,0.0,64.0,58.0,57.0,56.0,84.0,63.0,91.0,100.0,0.0,86.0,62.0,77.0,80.0
2020-07-08 12:55,ICW0W2000655,54.0,55.0,57.0,36.9,38.0,467.0,0.0,63.0,57.0,55.0,54.0,84.0,65.0,91.0,100.0,0.0,86.0,65.0,78.0,81.0
2020-07-08 12:56,ICW0W2000655,53.0,54.0,56.0,36.9,38.0,472.0,2.0,63.0,56.0,54.0,53.0,84.0,66.0,91.0,100.0,0.0,86.0,65.0,78.0,81.0
2020-07-08 12:58,ICW0W2000655,51.0,52.0,54.0,36.79,38.0,469.0,2.0,64.0,54.0,52.0,51.0,85.0,67.0,91.0,100.0,0.0,86.0,62.0,79.0,82.0
2020-07-08 12:59,ICW0W2000655,53.0,54.0,56.0,36.9,38.0,478.0,3.0,65.0,56.0,54.0,53.0,84.0,66.0,90.0,100.0,0.0,86.0,60.0,78.0,81.0
2020-07-08 13:00,ICW0W2000655,51.0,52.0,54.0,37.1,38.0,475.0,3.0,63.0,54.0,52.0,51.0,85.0,67.0,91.0,100.0,0.0,86.0,65.0,79.0,82.0
2020-07-08 13:01,ICW0W2000655,35.0,36.0,38.0,37.5,34.0,487.0,0.0,65.0,38.0,36.0,35.0,88.0,79.0,90.0,100.0,0.0,77.0,60.0,80.0,87.0
2020-07-08 13:02,ICW0W2000655,42.0,42.0,43.0,37.5,35.0,512.0,0.0,65.0,43.0,42.0,42.0,87.0,75.0,89.0,100.0,0.0,80.0,60.0,82.0,85.0
2020-07-08 13:03,ICW0W2000655,48.0,48.0,48.0,37.2,37.0,508.0,0.0,64.0,48.0,48.0,48.0,86.0,70.0,89.0,100.0,0.0,84.0,62.0,80.0,83.0
2020-07-08 13:04,ICW0W2000655,49.0,50.0,52.0,37.2,37.0,494.0,0.0,64.0,52.0,50.0,49.0,85.0,69.0,90.0,100.0,0.0,84.0,62.0,80.0,83.0
2020-07-08 13:05,ICW0W2000655,51.0,52.0,54.0,36.9,38.0,487.0,0.0,65.0,54.0,52.0,51.0,85.0,67.0,90.0,100.0,0.0,86.0,60.0,79.0,82.0
2020-07-08 13:06,ICW0W2000655,54.0,55.0,56.0,36.9,38.0,483.0,0.0,64.0,56.0,55.0,54.0,84.0,65.0,90.0,100.0,0.0,86.0,62.0,78.0,81.0
2020-07-08 13:07,ICW0W2000655,47.0,49.0,51.0,36.9,38.0,489.0,0.0,63.0,51.0,49.0,47.0,85.0,69.0,90.0,100.0,0.0,86.0,65.0,80.0,83.0
2020-07-08 13:08,ICW0W2000655,48.0,49.0,51.0,36.7,38.0,494.0,0.0,64.0,51.0,49.0,48.0,85.0,69.0,90.0,100.0,0.0,86.0,62.0,80.0,83.0
2020-07-08 13:10,ICW0W2000655,51.0,52.0,53.0,37.0,38.0,488.0,1.0,64.0,53.0,52.0,51.0,85.0,67.0,90.0,100.0,0.0,86.0,62.0,79.0,82.0
2020-07-08 13:11,ICW0W2000655,51.0,52.0,54.0,37.0,38.0,490.0,0.0,64.0,54.0,52.0,51.0,85.0,67.0,90.0,100.0,0.0,86.0,62.0,79.0,82.0
2020-07-08 13:12,ICW0W2000655,53.0,54.0,56.0,37.0,38.0,488.0,0.0,64.0,56.0,54.0,53.0,84.0,66.0,90.0,100.0,0.0,86.0,62.0,78.0,81.0
2020-07-08 13:14,ICW0W2000655,54.0,55.0,57.0,37.0,38.0,479.0,0.0,64.0,57.0,55.0,54.0,84.0,65.0,90.0,100.0,0.0,86.0,62.0,78.0,81.0
2020-07-08 13:15,ICW0W2000655,53.0,55.0,58.0,36.9,38.0,478.0,0.0,65.0,58.0,55.0,53.0,84.0,65.0,90.0,100.0,0.0,86.0,60.0,78.0,81.0
2020-07-08 13:17,ICW0W2000655,49.0,50.0,52.0,37.0,37.0,486.0,0.0,66.0,52.0,50.0,49.0,85.0,69.0,90.0,100.0,0.0,84.0,58.0,80.0,83.0
2020-07-08 13:18,ICW0W2000655,52.0,52.0,54.0,36.9,37.0,495.0,0.0,65.0,54.0,52.0,52.0,85.0,67.0,90.0,100.0,0.0,84.0,60.0,79.0,82.0
2020-07-08 13:19,ICW0W2000655,53.0,54.0,55.0,36.9,38.0,486.0,2.0,65.0,55.0,54.0,53.0,85.0,66.0,90.0,100.0,0.0,86.0,60.0,78.0,81.0
2020-07-08 13:20,ICW0W2000655,52.0,52.0,54.0,37.0,37.0,492.0,0.0,65.0,54.0,52.0,52.0,85.0,67.0,90.0,100.0,0.0,84.0,60.0,79.0,82.0
2020-07-08 13:21,ICW0W2000655,51.0,51.0,53.0,37.0,37.0,488.0,0.0,65.0,53.0,51.0,51.0,85.0,68.0,90.0,100.0,0.0,84.0,60.0,79.0,82.0
2020-07-08 13:22,ICW0W2000655,53.0,54.0,56.0,36.79,38.0,483.0,0.0,65.0,56.0,54.0,53.0,84.0,66.0,90.0,100.0,0.0,86.0,60.0,78.0,81.0
2020-07-08 13:23,ICW0W2000655,56.0,57.0,59.0,36.6,38.0,478.0,0.0,65.0,59.0,57.0,56.0,84.0,63.0,90.0,100.0,0.0,86.0,60.0,77.0,80.0
2020-07-08 13:26,ICW0W2000655,57.0,59.0,62.0,36.9,37.0,477.0,0.0,66.0,62.0,59.0,57.0,83.0,62.0,90.0,100.0,0.0,84.0,58.0,76.0,79.0
2020-07-08 13:27,ICW0W2000655,56.0,57.0,60.0,36.7,38.0,472.0,0.0,66.0,60.0,57.0,56.0,84.0,63.0,91.0,100.0,0.0,86.0,58.0,77.0,80.0
2020-07-08 13:28,ICW0W2000655,57.0,58.0,60.0,36.79,38.0,474.0,0.0,67.0,60.0,58.0,57.0,84.0,63.0,91.0,100.0,0.0,86.0,56.0,77.0,80.0
2020-07-08 13:30,ICW0W2000655,54.0,56.0,59.0,36.9,38.0,468.0,0.0,65.0,59.0,56.0,54.0,84.0,64.0,91.0,100.0,0.0,86.0,60.0,78.0,81.0
2020-07-08 13:31,ICW0W2000655,51.0,52.0,55.0,37.0,38.0,479.0,0.0,64.0,55.0,52.0,51.0,85.0,67.0,90.0,100.0,0.0,86.0,62.0,79.0,82.0
2020-07-08 13:32,ICW0W2000655,53.0,54.0,56.0,36.9,38.0,475.0,0.0,64.0,56.0,54.0,53.0,84.0,66.0,91.0,100.0,0.0,86.0,62.0,78.0,81.0
2020-07-08 13:33,ICW0W2000655,53.0,54.0,56.0,37.0,38.0,480.0,0.0,64.0,56.0,54.0,53.0,84.0,66.0,90.0,100.0,0.0,86.0,62.0,78.0,81.0
2020-07-08 13:34,ICW0W2000655,54.0,55.0,57.0,36.9,38.0,474.0,0.0,63.0,57.0,55.0,54.0,84.0,65.0,91.0,100.0,0.0,86.0,65.0,78.0,81.0
2020-07-08 13:35,ICW0W2000655,54.0,55.0,57.0,36.79,38.0,482.0,0.0,64.0,57.0,55.0,54.0,84.0,65.0,90.0,100.0,0.0,86.0,62.0,78.0,81.0
2020-07-08 13:36,ICW0W2000655,54.0,55.0,58.0,37.0,37.0,481.0,0.0,64.0,58.0,55.0,54.0,84.0,65.0,90.0,100.0,0.0,84.0,62.0,78.0,81.0
2020-07-08 13:37,ICW0W2000655,55.0,57.0,60.0,37.0,38.0,474.0,0.0,64.0,60.0,57.0,55.0,84.0,63.0,91.0,100.0,0.0,86.0,62.0,77.0,80.0
2020-07-08 13:38,ICW0W2000655,51.0,52.0,55.0,37.0,37.0,473.0,0.0,64.0,55.0,52.0,51.0,85.0,67.0,91.0,100.0,0.0,84.0,62.0,79.0,82.0
2020-07-08 13:39,ICW0W2000655,38.0,40.0,42.0,37.2,36.0,509.0,0.0,64.0,42.0,40.0,38.0,87.0,76.0,89.0,100.0,0.0,82.0,62.0,83.0,86.0
2020-07-08 13:41,ICW0W2000655,52.0,52.0,53.0,36.9,38.0,509.0,0.0,64.0,53.0,52.0,52.0,85.0,67.0,89.0,100.0,0.0,86.0,62.0,79.0,82.0
2020-07-08 13:42,ICW0W2000655,54.0,54.0,55.0,36.79,38.0,490.0,0.0,64.0,55.0,54.0,54.0,85.0,66.0,90.0,100.0,0.0,86.0,62.0,78.0,81.0
2020-07-08 13:43,ICW0W2000655,46.0,47.0,49.0,36.9,37.0,503.0,0.0,64.0,49.0,47.0,46.0,86.0,71.0,89.0,100.0,0.0,84.0,62.0,80.0,83.0
2020-07-08 13:44,ICW0W2000655,49.0,50.0,51.0,37.0,37.0,518.0,0.0,64.0,51.0,50.0,49.0,85.0,69.0,89.0,100.0,0.0,84.0,62.0,79.0,82.0
2020-07-08 13:47,ICW0W2000655,51.0,51.0,52.0,37.0,37.0,498.0,0.0,63.0,52.0,51.0,51.0,85.0,68.0,90.0,100.0,0.0,84.0,65.0,79.0,82.0
2020-07-08 13:48,ICW0W2000655,51.0,52.0,53.0,36.79,37.0,499.0,0.0,64.0,53.0,52.0,51.0,85.0,67.0,90.0,100.0,0.0,84.0,62.0,79.0,82.0
2020-07-08 13:49,ICW0W2000655,53.0,54.0,55.0,36.7,38.0,491.0,0.0,64.0,55.0,54.0,53.0,85.0,66.0,90.0,100.0,0.0,86.0,62.0,78.0,81.0
2020-07-08 13:50,ICW0W2000655,54.0,54.0,56.0,36.7,38.0,481.0,0.0,64.0,56.0,54.0,54.0,84.0,66.0,90.0,100.0,0.0,86.0,62.0,78.0,81.0
2020-07-08 13:51,ICW0W2000655,52.0,53.0,55.0,37.1,36.0,486.0,0.0,64.0,55.0,53.0,52.0,85.0,66.0,90.0,100.0,0.0,82.0,62.0,78.0,81.0
2020-07-08 13:53,ICW0W2000655,37.0,38.0,39.0,37.29,35.0,548.0,0.0,64.0,39.0,38.0,37.0,88.0,78.0,88.0,100.0,0.0,80.0,62.0,83.0,86.0
2020-07-08 13:54,ICW0W2000655,45.0,45.0,46.0,37.1,36.0,556.0,0.0,64.0,46.0,45.0,45.0,86.0,72.0,88.0,100.0,0.0,82.0,62.0,81.0,84.0
2020-07-08 13:55,ICW0W2000655,49.0,51.0,53.0,37.0,37.0,531.0,0.0,64.0,53.0,51.0,49.0,85.0,68.0,88.0,100.0,0.0,84.0,62.0,79.0,82.0
2020-07-08 13:57,ICW0W2000655,54.0,55.0,56.0,37.2,37.0,503.0,0.0,64.0,56.0,55.0,54.0,84.0,65.0,89.0,100.0,0.0,84.0,62.0,78.0,81.0
2020-07-08 13:58,ICW0W2000655,56.0,56.0,57.0,37.5,36.0,498.0,0.0,63.0,57.0,56.0,56.0,84.0,64.0,90.0,100.0,0.0,82.0,65.0,77.0,80.0
2020-07-08 13:59,ICW0W2000655,57.0,58.0,60.0,37.5,36.0,481.0,0.0,64.0,60.0,58.0,57.0,84.0,63.0,90.0,100.0,0.0,82.0,62.0,77.0,80.0
2020-07-08 14:00,ICW0W2000655,52.0,53.0,55.0,37.5,36.0,487.0,0.0,64.0,55.0,53.0,52.0,85.0,66.0,90.0,100.0,0.0,82.0,62.0,78.0,81.0
2020-07-08 14:02,ICW0W2000655,53.0,54.0,56.0,37.5,36.0,518.0,0.0,65.0,56.0,54.0,53.0,84.0,66.0,89.0,100.0,0.0,82.0,60.0,78.0,81.0
2020-07-08 14:03,ICW0W2000655,45.0,46.0,49.0,37.6,35.0,521.0,0.0,64.0,49.0,46.0,45.0,86.0,72.0,89.0,100.0,0.0,80.0,62.0,81.0,84.0
2020-07-08 14:04,ICW0W2000655,32.0,33.0,35.0,37.6,34.0,566.0,0.0,64.0,35.0,33.0,32.0,88.0,81.0,88.0,100.0,0.0,77.0,62.0,82.0,89.0
2020-07-08 14:05,ICW0W2000655,33.0,33.0,34.0,37.7,33.0,592.0,0.0,64.0,34.0,33.0,33.0,88.0,81.0,87.0,100.0,0.0,75.0,62.0,82.0,89.0
2020-07-08 14:06,ICW0W2000655,36.0,36.0,37.0,37.5,34.0,596.0,0.0,64.0,37.0,36.0,36.0,88.0,79.0,87.0,100.0,0.0,77.0,62.0,80.0,87.0
2020-07-08 14:08,ICW0W2000655,47.0,47.0,47.0,37.29,35.0,593.0,0.0,64.0,47.0,47.0,47.0,86.0,71.0,87.0,100.0,0.0,80.0,62.0,80.0,83.0
2020-07-08 14:09,ICW0W2000655,53.0,54.0,56.0,37.2,36.0,543.0,0.0,64.0,56.0,54.0,53.0,84.0,66.0,88.0,100.0,0.0,82.0,62.0,78.0,81.0
2020-07-08 14:10,ICW0W2000655,56.0,57.0,59.0,37.1,36.0,518.0,0.0,65.0,59.0,57.0,56.0,84.0,63.0,89.0,100.0,0.0,82.0,60.0,77.0,80.0
2020-07-08 14:11,ICW0W2000655,56.0,57.0,59.0,37.1,36.0,533.0,0.0,64.0,59.0,57.0,56.0,84.0,63.0,88.0,100.0,0.0,82.0,62.0,77.0,80.0
2020-07-08 14:12,ICW0W2000655,55.0,57.0,59.0,37.1,36.0,521.0,0.0,65.0,59.0,57.0,55.0,84.0,63.0,89.0,100.0,0.0,82.0,60.0,77.0,80.0
2020-07-08 14:13,ICW0W2000655,54.0,55.0,57.0,37.2,36.0,507.0,0.0,65.0,57.0,55.0,54.0,84.0,65.0,89.0,100.0,0.0,82.0,60.0,78.0,81.0
2020-07-08 14:14,ICW0W2000655,51.0,52.0,54.0,37.2,36.0,512.0,0.0,65.0,54.0,52.0,51.0,85.0,67.0,89.0,100.0,0.0,82.0,60.0,79.0,82.0
2020-07-08 14:16,ICW0W2000655,47.0,48.0,50.0,37.5,35.0,523.0,0.0,64.0,50.0,48.0,47.0,86.0,70.0,89.0,100.0,0.0,80.0,62.0,80.0,83.0
2020-07-08 14:17,ICW0W2000655,43.0,44.0,45.0,37.6,35.0,562.0,0.0,65.0,45.0,44.0,43.0,86.0,73.0,88.0,100.0,0.0,80.0,60.0,81.0,84.0
2020-07-08 14:18,ICW0W2000655,44.0,45.0,46.0,37.5,35.0,555.0,0.0,64.0,46.0,45.0,44.0,86.0,72.0,88.0,100.0,0.0,80.0,62.0,81.0,84.0
2020-07-08 14:19,ICW0W2000655,45.0,46.0,48.0,37.2,36.0,593.0,0.0,64.0,48.0,46.0,45.0,86.0,72.0,87.0,100.0,0.0,82.0,62.0,80.0,83.0
2020-07-08 14:20,ICW0W2000655,49.0,50.0,51.0,37.1,36.0,567.0,0.0,64.0,51.0,50.0,49.0,85.0,69.0,88.0,100.0,0.0,82.0,62.0,79.0,82.0
2020-07-08 14:21,ICW0W2000655,51.0,51.0,52.0,37.1,36.0,553.0,0.0,64.0,52.0,51.0,51.0,85.0,68.0,88.0,100.0,0.0,82.0,62.0,79.0,82.0
2020-07-08 14:22,ICW0W2000655,48.0,49.0,50.0,37.2,36.0,552.0,0.0,64.0,50.0,49.0,48.0,86.0,69.0,88.0,100.0,0.0,82.0,62.0,79.0,82.0
2020-07-08 14:23,ICW0W2000655,52.0,52.0,53.0,37.29,36.0,539.0,0.0,64.0,53.0,52.0,52.0,85.0,67.0,88.0,100.0,0.0,82.0,62.0,78.0,81.0
2020-07-08 14:24,ICW0W2000655,51.0,51.0,52.0,37.2,36.0,519.0,0.0,65.0,52.0,51.0,51.0,85.0,68.0,89.0,100.0,0.0,82.0,60.0,79.0,82.0
2020-07-08 14:25,ICW0W2000655,50.0,50.0,50.0,37.2,36.0,515.0,0.0,64.0,50.0,50.0,50.0,86.0,69.0,89.0,100.0,0.0,82.0,62.0,80.0,83.0
2020-07-08 14:26,ICW0W2000655,51.0,51.0,52.0,37.1,36.0,511.0,0.0,64.0,52.0,51.0,51.0,85.0,68.0,89.0,100.0,0.0,82.0,62.0,79.0,82.0
2020-07-08 14:27,ICW0W2000655,50.0,51.0,53.0,37.1,36.0,498.0,0.0,65.0,53.0,51.0,50.0,85.0,68.0,90.0,100.0,0.0,82.0,60.0,79.0,82.0
2020-07-08 14:28,ICW0W2000655,47.0,48.0,50.0,37.2,35.0,524.0,0.0,65.0,50.0,48.0,47.0,86.0,70.0,89.0,100.0,0.0,80.0,60.0,80.0,83.0
2020-07-08 14:29,ICW0W2000655,43.0,43.0,44.0,37.2,35.0,570.0,0.0,64.0,44.0,43.0,43.0,87.0,74.0,88.0,100.0,0.0,80.0,62.0,82.0,85.0
2020-07-08 14:30,ICW0W2000655,48.0,48.0,49.0,37.29,36.0,557.0,0.0,65.0,49.0,48.0,48.0,86.0,70.0,88.0,100.0,0.0,82.0,60.0,80.0,83.0
2020-07-08 14:31,ICW0W2000655,50.0,51.0,53.0,37.29,36.0,524.0,0.0,66.0,53.0,51.0,50.0,85.0,68.0,89.0,100.0,0.0,82.0,58.0,79.0,82.0
2020-07-08 14:32,ICW0W2000655,47.0,48.0,50.0,37.29,36.0,524.0,0.0,65.0,50.0,48.0,47.0,86.0,70.0,89.0,100.0,0.0,82.0,60.0,80.0,83.0
2020-07-08 14:33,ICW0W2000655,50.0,50.0,51.0,37.29,36.0,514.0,0.0,64.0,51.0,50.0,50.0,85.0,69.0,89.0,100.0,0.0,82.0,62.0,79.0,82.0
2020-07-08 14:35,ICW0W2000655,48.0,49.0,51.0,37.29,36.0,508.0,0.0,65.0,51.0,49.0,48.0,85.0,69.0,89.0,100.0,0.0,82.0,60.0,79.0,82.0
2020-07-08 14:39,ICW0W2000655,52.0,53.0,55.0,37.2,36.0,504.0,0.0,64.0,55.0,53.0,52.0,85.0,66.0,89.0,100.0,0.0,82.0,62.0,78.0,81.0
2020-07-08 14:41,ICW0W2000655,51.0,52.0,53.0,37.2,36.0,498.0,0.0,65.0,53.0,52.0,51.0,85.0,67.0,90.0,100.0,0.0,82.0,60.0,79.0,82.0
2020-07-08 14:42,ICW0W2000655,50.0,51.0,52.0,37.1,36.0,492.0,0.0,65.0,52.0,51.0,50.0,85.0,68.0,90.0,100.0,0.0,82.0,60.0,79.0,82.0
2020-07-08 14:43,ICW0W2000655,43.0,43.0,44.0,37.2,35.0,508.0,0.0,64.0,44.0,43.0,43.0,87.0,74.0,89.0,100.0,0.0,80.0,62.0,82.0,85.0
2020-07-08 14:44,ICW0W2000655,46.0,47.0,47.0,37.29,36.0,538.0,0.0,64.0,47.0,47.0,46.0,86.0,71.0,88.0,100.0,0.0,82.0,62.0,80.0,83.0
2020-07-08 14:45,ICW0W2000655,49.0,49.0,50.0,37.0,36.0,511.0,0.0,66.0,50.0,49.0,49.0,86.0,69.0,89.0,100.0,0.0,82.0,58.0,80.0,83.0
2020-07-08 14:46,ICW0W2000655,49.0,50.0,51.0,37.0,36.0,495.0,0.0,64.0,51.0,50.0,49.0,85.0,69.0,90.0,100.0,0.0,82.0,62.0,80.0,83.0
2020-07-08 14:47,ICW0W2000655,47.0,48.0,49.0,37.0,36.0,501.0,0.0,64.0,49.0,48.0,47.0,86.0,70.0,89.0,100.0,0.0,82.0,62.0,80.0,83.0
2020-07-08 14:48,ICW0W2000655,46.0,47.0,48.0,36.9,37.0,526.0,0.0,65.0,48.0,47.0,46.0,86.0,71.0,89.0,100.0,0.0,84.0,60.0,80.0,83.0
2020-07-08 14:49,ICW0W2000655,49.0,50.0,51.0,36.9,36.0,498.0,0.0,64.0,51.0,50.0,49.0,85.0,69.0,90.0,100.0,0.0,82.0,62.0,80.0,83.0
2020-07-08 14:50,ICW0W2000655,50.0,51.0,53.0,37.1,36.0,486.0,0.0,64.0,53.0,51.0,50.0,85.0,68.0,90.0,100.0,0.0,82.0,62.0,79.0,82.0
2020-07-08 14:51,ICW0W2000655,48.0,49.0,51.0,37.0,36.0,490.0,0.0,64.0,51.0,49.0,48.0,85.0,69.0,90.0,100.0,0.0,82.0,62.0,80.0,83.0
2020-07-08 14:52,ICW0W2000655,47.0,48.0,50.0,36.9,36.0,502.0,0.0,65.0,50.0,48.0,47.0,86.0,70.0,89.0,100.0,0.0,82.0,60.0,80.0,83.0
2020-07-08 14:53,ICW0W2000655,47.0,48.0,50.0,36.79,37.0,498.0,0.0,64.0,50.0,48.0,47.0,86.0,70.0,90.0,100.0,0.0,84.0,62.0,80.0,83.0
2020-07-08 14:54,ICW0W2000655,48.0,49.0,51.0,36.79,37.0,492.0,0.0,63.0,51.0,49.0,48.0,85.0,69.0,90.0,100.0,0.0,84.0,65.0,80.0,83.0
2020-07-08 14:55,ICW0W2000655,48.0,49.0,51.0,36.9,36.0,486.0,0.0,64.0,51.0,49.0,48.0,85.0,69.0,90.0,100.0,0.0,82.0,62.0,80.0,83.0
2020-07-08 14:56,ICW0W2000655,50.0,51.0,53.0,36.9,36.0,483.0,0.0,64.0,53.0,51.0,50.0,85.0,68.0,90.0,100.0,0.0,82.0,62.0,79.0,82.0
2020-07-08 14:57,ICW0W2000655,49.0,50.0,51.0,36.79,37.0,485.0,0.0,65.0,51.0,50.0,49.0,85.0,69.0,90.0,100.0,0.0,84.0,60.0,80.0,83.0
2020-07-08 14:58,ICW0W2000655,45.0,46.0,47.0,36.79,36.0,500.0,0.0,64.0,47.0,46.0,45.0,86.0,72.0,90.0,100.0,0.0,82.0,62.0,81.0,84.0
2020-07-08 14:59,ICW0W2000655,46.0,47.0,48.0,36.79,36.0,510.0,0.0,64.0,48.0,47.0,46.0,86.0,71.0,89.0,100.0,0.0,82.0,62.0,80.0,83.0
2020-07-08 15:00,ICW0W2000655,48.0,49.0,51.0,36.9,36.0,497.0,0.0,64.0,51.0,49.0,48.0,85.0,69.0,90.0,100.0,0.0,82.0,62.0,80.0,83.0
2020-07-08 15:01,ICW0W2000655,47.0,48.0,50.0,37.0,36.0,502.0,0.0,64.0,50.0,48.0,47.0,86.0,70.0,89.0,100.0,0.0,82.0,62.0,80.0,83.0
2020-07-08 15:02,ICW0W2000655,46.0,46.0,47.0,36.9,37.0,496.0,0.0,64.0,47.0,46.0,46.0,86.0,72.0,90.0,100.0,0.0,84.0,62.0,81.0,84.0
2020-07-08 15:03,ICW0W2000655,46.0,47.0,48.0,36.79,36.0,491.0,0.0,64.0,48.0,47.0,46.0,86.0,71.0,90.0,100.0,0.0,82.0,62.0,81.0,84.0
2020-07-08 15:05,ICW0W2000655,43.0,44.0,45.0,36.9,36.0,500.0,0.0,64.0,45.0,44.0,43.0,86.0,73.0,90.0,100.0,0.0,82.0,62.0,81.0,84.0
2020-07-08 15:06,ICW0W2000655,48.0,49.0,50.0,37.1,36.0,509.0,0.0,66.0,50.0,49.0,48.0,86.0,69.0,89.0,100.0,0.0,82.0,58.0,80.0,83.0
2020-07-08 15:07,ICW0W2000655,49.0,50.0,52.0,37.0,36.0,490.0,0.0,64.0,52.0,50.0,49.0,85.0,69.0,90.0,100.0,0.0,82.0,62.0,80.0,83.0
2020-07-08 15:08,ICW0W2000655,42.0,43.0,45.0,36.9,35.0,508.0,0.0,64.0,45.0,43.0,42.0,86.0,74.0,89.0,100.0,0.0,80.0,62.0,82.0,85.0
2020-07-08 15:09,ICW0W2000655,45.0,45.0,46.0,36.79,36.0,522.0,0.0,64.0,46.0,45.0,45.0,86.0,72.0,89.0,100.0,0.0,82.0,62.0,81.0,84.0
2020-07-08 15:10,ICW0W2000655,47.0,47.0,48.0,36.79,36.0,498.0,0.0,64.0,48.0,47.0,47.0,86.0,71.0,90.0,100.0,0.0,82.0,62.0,81.0,84.0
2020-07-08 15:11,ICW0W2000655,48.0,49.0,50.0,36.79,36.0,490.0,0.0,64.0,50.0,49.0,48.0,86.0,69.0,90.0,100.0,0.0,82.0,62.0,80.0,83.0
2020-07-08 15:13,ICW0W2000655,48.0,49.0,50.0,36.79,36.0,492.0,0.0,64.0,50.0,49.0,48.0,86.0,69.0,90.0,100.0,0.0,82.0,62.0,80.0,83.0
2020-07-08 15:14,ICW0W2000655,49.0,50.0,52.0,36.7,36.0,481.0,0.0,64.0,52.0,50.0,49.0,85.0,69.0,90.0,100.0,0.0,82.0,62.0,80.0,83.0
2020-07-08 15:15,ICW0W2000655,48.0,49.0,50.0,36.79,36.0,482.0,0.0,65.0,50.0,49.0,48.0,86.0,69.0,90.0,100.0,0.0,82.0,60.0,80.0,83.0
2020-07-08 15:16,ICW0W2000655,50.0,50.0,51.0,36.79,37.0,478.0,0.0,64.0,51.0,50.0,50.0,85.0,69.0,90.0,100.0,0.0,84.0,62.0,80.0,83.0
2020-07-08 15:17,ICW0W2000655,49.0,49.0,50.0,36.7,37.0,480.0,0.0,64.0,50.0,49.0,49.0,86.0,69.0,90.0,100.0,0.0,84.0,62.0,80.0,83.0
2020-07-08 15:18,ICW0W2000655,46.0,47.0,48.0,36.79,37.0,484.0,0.0,64.0,48.0,47.0,46.0,86.0,71.0,90.0,100.0,0.0,84.0,62.0,81.0,84.0
2020-07-08 15:19,ICW0W2000655,45.0,46.0,47.0,37.0,36.0,499.0,0.0,64.0,47.0,46.0,45.0,86.0,72.0,90.0,100.0,0.0,82.0,62.0,81.0,84.0
2020-07-08 15:20,ICW0W2000655,46.0,47.0,48.0,37.1,36.0,518.0,0.0,64.0,48.0,47.0,46.0,86.0,71.0,89.0,100.0,0.0,82.0,62.0,80.0,83.0
2020-07-08 15:21,ICW0W2000655,46.0,47.0,48.0,37.0,36.0,512.0,0.0,65.0,48.0,47.0,46.0,86.0,71.0,89.0,100.0,0.0,82.0,60.0,80.0,83.0
2020-07-08 15:22,ICW0W2000655,46.0,46.0,47.0,36.79,36.0,516.0,0.0,64.0,47.0,46.0,46.0,86.0,72.0,89.0,100.0,0.0,82.0,62.0,81.0,84.0
2020-07-08 15:23,ICW0W2000655,48.0,48.0,48.0,36.7,37.0,512.0,0.0,64.0,48.0,48.0,48.0,86.0,70.0,89.0,100.0,0.0,84.0,62.0,80.0,83.0
2020-07-08 15:24,ICW0W2000655,49.0,49.0,50.0,36.7,37.0,499.0,0.0,64.0,50.0,49.0,49.0,86.0,69.0,90.0,100.0,0.0,84.0,62.0,80.0,83.0
2020-07-08 15:25,ICW0W2000655,49.0,50.0,51.0,36.6,37.0,496.0,0.0,64.0,51.0,50.0,49.0,85.0,69.0,90.0,100.0,0.0,84.0,62.0,80.0,83.0
2020-07-08 15:26,ICW0W2000655,47.0,48.0,50.0,36.6,37.0,484.0,0.0,64.0,50.0,48.0,47.0,86.0,70.0,90.0,100.0,0.0,84.0,62.0,80.0,83.0
2020-07-08 15:27,ICW0W2000655,49.0,50.0,52.0,36.5,37.0,489.0,0.0,64.0,52.0,50.0,49.0,85.0,69.0,90.0,100.0,0.0,84.0,62.0,80.0,83.0
2020-07-08 15:28,ICW0W2000655,49.0,50.0,52.0,36.6,37.0,483.0,0.0,64.0,52.0,50.0,49.0,85.0,69.0,90.0,100.0,0.0,84.0,62.0,80.0,83.0
2020-07-08 15:29,ICW0W2000655,47.0,48.0,50.0,36.5,37.0,475.0,0.0,64.0,50.0,48.0,47.0,86.0,70.0,91.0,100.0,0.0,84.0,62.0,80.0,83.0
2020-07-08 15:30,ICW0W2000655,46.0,47.0,49.0,36.6,37.0,469.0,0.0,64.0,49.0,47.0,46.0,86.0,71.0,91.0,100.0,0.0,84.0,62.0,81.0,84.0
2020-07-08 15:31,ICW0W2000655,48.0,49.0,50.0,36.6,37.0,471.0,0.0,64.0,50.0,49.0,48.0,86.0,69.0,91.0,100.0,0.0,84.0,62.0,80.0,83.0
2020-07-08 15:32,ICW0W2000655,48.0,49.0,50.0,36.4,37.0,474.0,0.0,64.0,50.0,49.0,48.0,86.0,69.0,91.0,100.0,0.0,84.0,62.0,80.0,83.0
2020-07-08 15:33,ICW0W2000655,50.0,51.0,52.0,36.1,38.0,471.0,0.0,64.0,52.0,51.0,50.0,85.0,68.0,91.0,100.0,0.0,86.0,62.0,79.0,82.0
2020-07-08 15:34,ICW0W2000655,50.0,51.0,52.0,36.29,38.0,469.0,0.0,64.0,52.0,51.0,50.0,85.0,68.0,91.0,100.0,0.0,86.0,62.0,79.0,82.0
2020-07-08 15:35,ICW0W2000655,48.0,49.0,50.0,36.5,37.0,464.0,0.0,64.0,50.0,49.0,48.0,86.0,69.0,91.0,100.0,0.0,84.0,62.0,80.0,83.0
2020-07-08 15:36,ICW0W2000655,44.0,45.0,46.0,36.5,37.0,484.0,0.0,64.0,46.0,45.0,44.0,86.0,72.0,90.0,100.0,0.0,84.0,62.0,81.0,84.0
2020-07-08 15:37,ICW0W2000655,44.0,44.0,45.0,36.5,37.0,486.0,0.0,64.0,45.0,44.0,44.0,86.0,73.0,90.0,100.0,0.0,84.0,62.0,81.0,84.0
2020-07-08 15:38,ICW0W2000655,44.0,45.0,46.0,36.5,37.0,504.0,0.0,64.0,46.0,45.0,44.0,86.0,72.0,89.0,100.0,0.0,84.0,62.0,81.0,84.0
2020-07-08 15:39,ICW0W2000655,47.0,48.0,49.0,36.4,37.0,484.0,0.0,64.0,49.0,48.0,47.0,86.0,70.0,90.0,100.0,0.0,84.0,62.0,80.0,83.0
2020-07-08 15:40,ICW0W2000655,48.0,48.0,49.0,36.4,37.0,479.0,0.0,64.0,49.0,48.0,48.0,86.0,70.0,90.0,100.0,0.0,84.0,62.0,80.0,83.0
2020-07-08 15:41,ICW0W2000655,48.0,49.0,51.0,36.4,37.0,481.0,0.0,64.0,51.0,49.0,48.0,85.0,69.0,90.0,100.0,0.0,84.0,62.0,80.0,83.0
2020-07-08 15:42,ICW0W2000655,47.0,48.0,50.0,36.4,37.0,478.0,0.0,65.0,50.0,48.0,47.0,86.0,70.0,90.0,100.0,0.0,84.0,60.0,80.0,83.0
2020-07-08 15:43,ICW0W2000655,46.0,47.0,49.0,36.4,37.0,487.0,0.0,64.0,49.0,47.0,46.0,86.0,71.0,90.0,100.0,0.0,84.0,62.0,81.0,84.0
2020-07-08 15:44,ICW0W2000655,46.0,47.0,49.0,36.4,37.0,479.0,0.0,64.0,49.0,47.0,46.0,86.0,71.0,90.0,100.0,0.0,84.0,62.0,81.0,84.0
2020-07-08 15:45,ICW0W2000655,45.0,45.0,46.0,36.6,37.0,475.0,0.0,64.0,46.0,45.0,45.0,86.0,72.0,91.0,100.0,0.0,84.0,62.0,81.0,84.0
2020-07-08 15:46,ICW0W2000655,45.0,45.0,45.0,36.79,37.0,477.0,0.0,64.0,45.0,45.0,45.0,86.0,72.0,90.0,100.0,0.0,84.0,62.0,81.0,84.0
2020-07-08 15:47,ICW0W2000655,45.0,45.0,45.0,36.7,37.0,475.0,0.0,64.0,45.0,45.0,45.0,86.0,72.0,91.0,100.0,0.0,84.0,62.0,81.0,84.0
2020-07-08 15:49,ICW0W2000655,43.0,43.0,44.0,36.6,36.0,485.0,0.0,64.0,44.0,43.0,43.0,87.0,74.0,90.0,100.0,0.0,82.0,62.0,82.0,85.0
2020-07-08 15:50,ICW0W2000655,49.0,49.0,50.0,36.79,37.0,515.0,0.0,64.0,50.0,49.0,49.0,86.0,69.0,89.0,100.0,0.0,84.0,62.0,80.0,83.0
2020-07-08 15:51,ICW0W2000655,45.0,46.0,48.0,36.7,37.0,507.0,0.0,64.0,48.0,46.0,45.0,86.0,72.0,89.0,100.0,0.0,84.0,62.0,81.0,84.0
2020-07-09 11:10,ICW0W2000655,37.0,38.0,39.0,26.8,60.0,609.0,0.0,64.0,39.0,38.0,37.0,88.0,78.0,87.0,100.0,52.0,90.0,62.0,89.0,86.0
2020-07-23 15:09,ICW0W2000655,4.0,2.0,4.0,24.9,68.0,573.0,0.0,56.0,4.0,2.0,4.0,99.0,99.0,88.0,100.0,87.0,84.0,79.0,100.0,97.0
2020-07-23 15:10,ICW0W2000655,4.0,2.0,4.0,23.8,68.0,581.0,1.0,55.0,4.0,2.0,4.0,99.0,99.0,88.0,100.0,91.0,84.0,80.0,100.0,97.0
2020-07-23 15:11,ICW0W2000655,5.0,2.0,5.0,21.8,65.0,586.0,0.0,56.0,5.0,2.0,5.0,98.0,99.0,87.0,100.0,97.0,86.0,79.0,100.0,96.0
2020-07-23 15:12,ICW0W2000655,7.0,3.0,7.0,22.2,65.0,564.0,1.0,56.0,7.0,3.0,7.0,98.0,98.0,88.0,100.0,96.0,86.0,79.0,100.0,96.0
2020-07-23 15:13,ICW0W2000655,8.0,4.0,8.0,22.6,64.0,569.0,3.0,57.0,8.0,4.0,8.0,97.0,97.0,88.0,100.0,95.0,87.0,77.0,100.0,96.0
2020-07-23 15:14,ICW0W2000655,6.0,3.0,6.0,22.8,63.0,565.0,1.0,56.0,6.0,3.0,6.0,98.0,98.0,88.0,100.0,94.0,87.0,79.0,100.0,96.0
2020-07-23 15:15,ICW0W2000655,5.0,2.0,5.0,23.0,62.0,559.0,2.0,56.0,5.0,2.0,5.0,98.0,99.0,88.0,100.0,93.0,88.0,79.0,100.0,96.0
2020-07-23 15:16,ICW0W2000655,4.0,2.0,4.0,23.0,61.0,561.0,2.0,55.0,4.0,2.0,4.0,99.0,99.0,88.0,100.0,93.0,88.0,80.0,100.0,97.0
2020-07-23 15:17,ICW0W2000655,5.0,2.0,5.0,23.2,60.0,554.0,2.0,56.0,5.0,2.0,5.0,98.0,99.0,88.0,100.0,93.0,90.0,79.0,100.0,96.0
2020-07-23 15:18,ICW0W2000655,5.0,2.0,5.0,23.5,59.0,546.0,2.0,56.0,5.0,2.0,5.0,98.0,99.0,88.0,100.0,92.0,91.0,79.0,100.0,96.0
2020-07-23 15:19,ICW0W2000655,6.0,3.0,6.0,23.6,59.0,539.0,4.0,55.0,6.0,3.0,6.0,98.0,98.0,88.0,100.0,91.0,91.0,80.0,100.0,96.0
2020-07-23 15:20,ICW0W2000655,5.0,2.0,5.0,23.6,58.0,535.0,3.0,56.0,5.0,2.0,5.0,98.0,99.0,88.0,100.0,91.0,92.0,79.0,100.0,96.0
2020-07-23 15:21,ICW0W2000655,5.0,2.0,5.0,23.7,59.0,544.0,5.0,55.0,5.0,2.0,5.0,98.0,99.0,88.0,100.0,91.0,91.0,80.0,100.0,96.0
2020-07-23 15:22,ICW0W2000655,5.0,2.0,5.0,23.7,58.0,536.0,5.0,56.0,5.0,2.0,5.0,98.0,99.0,88.0,100.0,91.0,92.0,79.0,100.0,96.0
2020-07-23 15:23,ICW0W2000655,5.0,2.0,5.0,23.7,58.0,540.0,6.0,56.0,5.0,2.0,5.0,98.0,99.0,88.0,100.0,91.0,92.0,79.0,100.0,96.0
2020-07-23 15:24,ICW0W2000655,5.0,2.0,5.0,23.7,59.0,539.0,7.0,56.0,5.0,2.0,5.0,98.0,99.0,88.0,100.0,91.0,91.0,79.0,100.0,96.0
2020-07-23 15:25,ICW0W2000655,6.0,3.0,6.0,23.8,59.0,538.0,6.0,57.0,6.0,3.0,6.0,98.0,98.0,88.0,100.0,91.0,91.0,77.0,100.0,96.0
2020-07-23 15:26,ICW0W2000655,6.0,3.0,6.0,23.7,60.0,534.0,6.0,57.0,6.0,3.0,6.0,98.0,98.0,88.0,100.0,91.0,90.0,77.0,100.0,96.0
2020-07-23 15:27,ICW0W2000655,6.0,3.0,6.0,23.7,60.0,536.0,3.0,57.0,6.0,3.0,6.0,98.0,98.0,88.0,100.0,91.0,90.0,77.0,100.0,96.0
2020-07-23 15:28,ICW0W2000655,5.0,2.0,5.0,23.7,60.0,532.0,13.0,56.0,5.0,2.0,5.0,98.0,99.0,88.0,99.0,91.0,90.0,79.0,100.0,96.0
2020-07-23 15:29,ICW0W2000655,6.0,3.0,7.0,23.8,60.0,526.0,66.0,59.0,7.0,3.0,6.0,98.0,98.0,89.0,97.0,91.0,90.0,73.0,100.0,96.0
2020-07-23 15:30,ICW0W2000655,6.0,3.0,7.0,23.9,59.0,526.0,92.0,60.0,7.0,3.0,6.0,98.0,98.0,89.0,95.0,90.0,91.0,71.0,100.0,95.0
2020-07-23 15:31,ICW0W2000655,6.0,3.0,7.0,24.0,59.0,522.0,71.0,59.0,7.0,3.0,6.0,98.0,98.0,89.0,96.0,90.0,91.0,73.0,100.0,95.0
2020-07-23 15:32,ICW0W2000655,6.0,3.0,6.0,23.9,59.0,526.0,62.0,59.0,6.0,3.0,6.0,98.0,98.0,89.0,97.0,90.0,91.0,73.0,100.0,96.0
2020-07-23 15:33,ICW0W2000655,5.0,2.0,5.0,23.8,59.0,530.0,51.0,60.0,5.0,2.0,5.0,98.0,99.0,88.0,97.0,91.0,91.0,71.0,100.0,96.0
2020-07-23 15:34,ICW0W2000655,5.0,2.0,5.0,23.8,59.0,524.0,41.0,59.0,5.0,2.0,5.0,98.0,99.0,89.0,98.0,91.0,91.0,73.0,100.0,96.0
2020-07-23 15:36,ICW0W2000655,4.0,2.0,4.0,23.8,57.0,517.0,36.0,61.0,4.0,2.0,4.0,99.0,99.0,89.0,98.0,91.0,93.0,69.0,100.0,96.0
2020-07-23 15:37,ICW0W2000655,4.0,2.0,4.0,24.0,56.0,514.0,33.0,60.0,4.0,2.0,4.0,99.0,99.0,89.0,98.0,90.0,94.0,71.0,100.0,96.0
2020-07-23 15:38,ICW0W2000655,4.0,2.0,4.0,24.0,55.0,524.0,31.0,60.0,4.0,2.0,4.0,99.0,99.0,89.0,98.0,90.0,95.0,71.0,100.0,96.0
2020-07-23 15:39,ICW0W2000655,4.0,2.0,4.0,23.9,55.0,527.0,37.0,60.0,4.0,2.0,4.0,99.0,99.0,89.0,98.0,90.0,95.0,71.0,100.0,96.0
2020-07-23 15:40,ICW0W2000655,4.0,2.0,4.0,23.9,55.0,526.0,35.0,60.0,4.0,2.0,4.0,99.0,99.0,89.0,98.0,90.0,95.0,71.0,100.0,96.0
2020-07-23 15:42,ICW0W2000655,4.0,2.0,4.0,23.8,54.0,527.0,36.0,59.0,4.0,2.0,4.0,99.0,99.0,89.0,98.0,91.0,96.0,73.0,100.0,96.0
2020-07-23 15:43,ICW0W2000655,4.0,2.0,4.0,23.7,54.0,529.0,31.0,59.0,4.0,2.0,4.0,99.0,99.0,88.0,98.0,91.0,96.0,73.0,100.0,96.0
2020-07-23 15:44,ICW0W2000655,4.0,2.0,4.0,23.7,54.0,538.0,27.0,59.0,4.0,2.0,4.0,99.0,99.0,88.0,99.0,91.0,96.0,73.0,100.0,96.0
2020-07-23 15:45,ICW0W2000655,4.0,2.0,4.0,23.7,54.0,534.0,24.0,59.0,4.0,2.0,4.0,99.0,99.0,88.0,99.0,91.0,96.0,73.0,100.0,96.0
2020-07-23 15:46,ICW0W2000655,4.0,2.0,4.0,23.8,53.0,526.0,21.0,59.0,4.0,2.0,4.0,99.0,99.0,89.0,99.0,91.0,97.0,73.0,100.0,97.0